domain;domain_ascore;backlinks_num
ntmcm.com;2;231451
wheelplugllc.com;7;74670
topai.tools;39;10116
hillbillyautosupply.com;14;1073
aijet.cc;22;1056
postmake.io;23;1042
displaii.com;2;1027
mintlify.dev;6;987
aitoolnet.com;13;978
n8n.io;65;806
the1source.com;11;719
arrobamail.com;8;647
chinaz.tv;2;519
michigancustomsigns.com;16;518
planetcrust.com;28;506
screenworks.com;9;442
gptfrance.ai;18;410
seektool.ai;6;359
cdata.com;41;339
starterstory.com;39;339
toolquestor.com;10;319
aitoolsbox.top;2;310
eesel.ai;46;300
whatarethebest.com;6;293
saashub.com;37;285
