Keyword;Position;Search Volume;Keyword Difficulty;Url;Traffic
bardeen ai;1;720;41.00;https://www.bardeen.ai/;576
bardeen.ai;1;590;45.00;https://www.bardeen.ai/;472
bardeen pricing;1;140;20.00;https://www.bardeen.ai/pricing;112
bardine;1;390;25.00;https://www.bardeen.ai/;96
bardeen;1;3600;59.00;https://www.bardeen.ai/;93
bardeen company;1;110;28.00;https://www.bardeen.ai/;88
docusign;41;1000000;92.00;https://www.bardeen.ai/answers/what-is-docusign;60
obo meaning;21;40500;39.00;https://www.bardeen.ai/answers/what-does-obo-mean-in-sales;60
bardeen automation;1;70;37.00;https://www.bardeen.ai/;56
bardeen.ai pricing;1;40;25.00;https://www.bardeen.ai/pricing;32
deepseek r1 vs v3;5;1300;16.00;https://www.bardeen.ai/answers/deepseek-r1-vs-v3;31
paywall remover;32;40500;69.00;https://www.bardeen.ai/posts/extensions-to-bypass-paywall;28
what does obo mean;17;18100;32.00;https://www.bardeen.ai/answers/what-does-obo-mean-in-sales;27
bardeen scraper;1;30;23.00;https://www.bardeen.ai/scraper;24
bardeen.ia;1;30;36.00;https://www.bardeen.ai/;24
bardeenai;1;90;37.00;https://www.bardeen.ai/;22
all sales are final;9;880;17.00;https://www.bardeen.ai/answers/what-does-all-sales-are-final-mean;19
remove paywall;34;27100;66.00;https://www.bardeen.ai/posts/extensions-to-bypass-paywall;18
deepseek v3 vs r1;5;720;14.00;https://www.bardeen.ai/answers/deepseek-r1-vs-v3;17
sales floor associate;7;1300;18.00;https://www.bardeen.ai/answers/what-does-a-sales-floor-associate-do;16
convert numbers to google sheets;1;110;12.00;https://www.bardeen.ai/answers/how-to-convert-apple-numbers-to-google-sheets;14
ganknow hack;7;1000;24.00;https://www.bardeen.ai/posts/how-to-bypass-a-paywall;13
bardenai;1;50;30.00;https://www.bardeen.ai/;12
google sheets reference another sheet;3;880;30.00;https://www.bardeen.ai/answers/google-sheets-reference-another-sheet;12
download hubspot video;1;50;23.00;https://www.bardeen.ai/answers/how-to-download-hubspot-videos;12
bypass paywall;32;18100;63.00;https://www.bardeen.ai/posts/extensions-to-bypass-paywall;12
deepseek pricing;5;1900;37.00;https://www.bardeen.ai/answers/how-much-does-deepseek-cost;11
sales are final meaning;4;260;13.00;https://www.bardeen.ai/answers/what-does-all-sales-are-final-mean;11
obo meaning facebook;5;480;9.00;https://www.bardeen.ai/answers/what-does-obo-mean-in-sales;11
can people on reddit see my email;1;90;29.00;https://www.bardeen.ai/answers/how-to-find-someone-on-reddit-by-email;11
deepseek price;5;1000;35.00;https://www.bardeen.ai/answers/how-much-does-deepseek-cost;10
go high level;27;74000;63.00;https://www.bardeen.ai/answers/what-is-gohighlevel;10
leakshaven.com bypasser;5;210;23.00;https://www.bardeen.ai/posts/how-to-bypass-a-paywall;9
who owns deepseek ai;3;320;50.00;https://www.bardeen.ai/answers/who-owns-deepseek;9
bogo definition;9;720;33.00;https://www.bardeen.ai/answers/what-does-bogo-mean-in-sales;9
o.b.o meaning;26;5400;34.00;https://www.bardeen.ai/answers/what-does-obo-mean-in-sales;8
deepseek ai pricing;7;1000;39.00;https://www.bardeen.ai/answers/how-much-does-deepseek-cost;8
zoom share screen;12;1600;43.00;https://www.bardeen.ai/answers/how-to-share-screen-on-zoom;8
how to find someone icloud email;3;170;27.00;https://www.bardeen.ai/answers/how-to-find-someone-s-icloud-email-with-phone-number;7
how to find someone's icloud email;3;110;24.00;https://www.bardeen.ai/answers/how-to-find-someone-s-icloud-email-with-phone-number;7
