Keyword;Search Volume;Keyword Difficulty Index;CPC
ai automation for small businesses;170;32;9.6
ai automation for small business;90;10;9.6
ai marketing automation cost for small businesses;50;0;0
is ai marketing automation affordable for small businesses;50;0;0
ai automation agency for small business;40;18;0
ai tools for small business automation;40;62;0
ai workflow automation for small business;40;16;0
best ai chatbot platforms for small business customer service automation;40;34;0
best ai marketplace for small business automation 2025;40;2;0
ai automation agency pricing for small businesses;30;0;0
ai automation services for small businesses 2026;30;0;0
affordable ai hardware options for small business automation;20;0;0
ai automation agency for small businesses;20;0;9.9
ai automation agency for small businesses 2026;20;0;0
ai automation services for small business;20;0;0
ai automation services for small businesses;20;0;6.88
ai automation tools for small business;20;0;0
ai process automation for small business;20;0;0
best ai agent marketplaces for small business automation 2025;20;0;0
best ai tools for small business automation 2025;20;0;0