Keyword;Search Volume;CPC;Keyword Difficulty Index
what is sales automation;1000;9.73;42
what is sales force automation;140;0;32
how to automate your sales process;110;0;23
how sales teams balance automation and relationship-building;90;0;11
how to automate sales process;90;0;20
how to create an automated sales funnel;90;0;15
how to measure roi of personalized video automation in sales;70;0;7
how automation improves lead assignment to sales reps;50;0;10
how marketing automation improves sales for online stores;50;0;6
how to automate lead scoring for b2b sales;50;0;13
how to reduce sales cycle time with automation;50;0;11
what is sales enablement automation;50;0;9
which of the following represents sales force automation;50;0;8
which sales automation platform is best;50;0;19
how marketing automation helps sales alignment;40;0;23
how sales teams can automate pipeline updates;40;0;17
how to increase sales output using automation;40;0;24
what is automated sales outreach technology;40;0;0
what is sales automation software;40;0;42
what's the best ai tool for sales automation;40;0;0
what's the best sales automation software for lead management;40;0;0
what's the top rated ai sales automation tool;40;0;22
does hubspot have automated sales forecasting;30;0;0
how facilities use automated alerts to prevent lost sales opportunities;30;0;0
how to automate sales funnel;30;0;0