Keyword;Search Volume;Keyword Difficulty Index;CPC;Competition
generative ai;49500;91;5.3;0.42
ai business;2900;70;13.53;0.33
generative ai examples;2900;41;2.33;0.17
artificial intelligence in business;2400;64;13.53;0.33
gen ia;2400;88;5.25;0.53
ai and business;1900;73;13.53;0.33
ai strategy;1900;74;15.59;0.59
ai governance business-specific learning;1600;29;0;0
harvard catalyst;1600;38;0;0
artificial intelligence business;1300;70;13.53;0.33
artificial intelligence for business;1300;65;13.53;0.33
generative ai use cases;1300;57;5.41;0.61
ai business ideas;1000;46;2.19;0.54
ai solutions for business;1000;58;26.9;0.13
gen-ai;1000;81;4.99;0.52
generative ai websites examples;1000;35;0;0
the ai driven leader;1000;40;1.69;1
ai for business leaders;880;54;13.54;0.67