Keyword;Position;Search Volume;Keyword Difficulty
ai automation service;23;170;50.00
ai automation service;90;170;50.00
ai powered automation services;38;30;63.00
ai and automation services;37;70;13.00
ai and automation services;40;70;13.00
ai automation services usa;31;50;15.00
ai-driven automation solutions;49;40;55.00
ai automation businesses;35;50;35.00
best ai consulting firms for business process automation;79;110;8.00
top indian providers of ai-based automation platforms for operations;49;50;0.00
top indian providers of ai-based automation platforms for operations;52;50;0.00
best ai solutions for enterprise automation;31;50;34.00
ai process automation technology consulting;49;40;21.00
ai process automation technology consulting;68;40;21.00
ai automation solutions;54;390;48.00
artificial intelligence automation solutions;27;50;54.00
ai automation services for businesses;14;90;30.00
ai automation companies;49;260;68.00
ai powered automation solutions;32;40;54.00
leading ai consulting companies for end-to-end workflow/operations automation;33;50;0.00
